{
 "Debug info": "unregistered",
 "Device ID": 0,
 "Description": "2.22.2.73",
 "Version": "2.22.2.73",
 "App": "com.whatsapp",
 "MDEnabled": true,
 "HasMdCompanion": false,
 "LC": "US",
 "LG": "en",
 "Context": "blocked +923427552215",
 "Carrier": "Telenor",
 "Manufacturer": "INFINIX MOBILITY LIMITED",
 "Model": "Infinix X680F",
 "CPU ABI": "arm64-v8a",
 "OS": "10",
 "Socket Conn": "SC\/XC",
 "Radio MCC-MNC": "410-06",
 "SIM MCC-MNC": "410-06",
 "Free Space Built-In": "23070773248 (23.07 GB)",
 "Free Space Removable": "23070765056 (23.07 GB)",
 "FAQ Results Returned": 12,
 "FAQ Results Read": 0,
 "Smb count": "272",
 "Ent count": "1",
 "CCode": " ",
 "Target": "release",
 "Product": "X680F-OP",
 "Device": "Infinix-X680F",
 "Build": "X680F-H6116P-Q-OP-220302V408",
 "Board": "Infinix-X680F",
 "Kernel": "Unknown release unknown version",
 "Connection": "M.O.B.I.L.E. (L.T.E.)",
 "Device ISO8601": "2022-07-27 21:50:32.103+0500",
 "Phone Type": "G.S.M.",
 "Network Type": "L.T.E.",
 "Missing Permissions": "android.permission.SYSTEM_ALERT_WINDOW, android.permission.INSTALL_SHORTCUT, android.permission.SEND_SMS, android.permission.REQUEST_INSTALL_PACKAGES, com.sec.android.provider.badge.permission.READ, com.sec.android.provider.badge.permission.WRITE, com.htc.launcher.permission.READ_SETTINGS, com.htc.launcher.permission.UPDATE_SHORTCUT, com.sonyericsson.home.permission.BROADCAST_BADGE, com.sonymobile.home.permission.PROVIDER_INSERT_BADGE, com.huawei.android.launcher.permission.READ_SETTINGS, com.huawei.android.launcher.permission.WRITE_SETTINGS, com.huawei.android.launcher.permission.CHANGE_BADGE",
 "Architecture": "aarch64",
 "Diagnostic Codes": "FE-GDE FE-GDC FE-VIDC ",
 "Sim": " 5",
 "L Distance": 0,
 "Network metered": "114:true",
 "Network restricted": "114:false",
 "Data roaming": "false",
 "Tel roaming": "false",
 "last tslog call id": "",
 "ABprops hash state": "unregistered",
 "Serverprops hash state": "unregistered",
 "Video transcode": "supported",
 "anid": "5495402c-697b-40ce-88da-a9111b29fb9c",
 "XPMigrated": "no",
 "Datacenter": "vll",
 "Screen reader": false,
 "Fingerprint eligible": true,
 "Last local backup time": "2022-07-27 03:29:23.000+0500",
 "Google account added": false,
 "Groups media visibility": "default",
 "Individual media visibility": "default",
 "In scoped mode": false,
 "Has unexpected .nomedia": false
}